URL,Clicks,Impressions,CTR,Position
"https://www.medical365.in/",65,802,"8.10%",13
"https://www.medical365.in/blogs/abha-integration-guide",10,1674,"0.60%",17.18
"https://www.medical365.in/best-clinic-management-software-jaipur",6,105,"5.71%",16.51
"https://www.medical365.in/blogs/nabh-compliance-guide",5,559,"0.89%",18.41
"https://www.medical365.in/blood-bank",4,217,"1.84%",24.11
"https://www.medical365.in/about",4,139,"2.88%",16.2
"https://www.medical365.in/blogs/hospital-software-rajasthan",4,101,"3.96%",6.86
"https://www.medical365.in/operation-theater-management",3,1144,"0.26%",76.34
"https://www.medical365.in/lims-laboratory-information-management-jaipur",3,262,"1.15%",21.77
"https://www.medical365.in/hospital-hrms-jaipur",3,127,"2.36%",10.34
"https://www.medical365.in/blogs/hospital-hrms-india",3,41,"7.32%",7.93
"https://www.medical365.in/blogs/best-dental-software-india",2,528,"0.38%",41.7
"https://www.medical365.in/best-hospital-management-software-india",2,436,"0.46%",58.88
"https://www.medical365.in/queue-token-management",2,290,"0.69%",35.35
"https://www.medical365.in/blogs/hospital-pharmacy-software",2,178,"1.12%",9.8
"https://www.medical365.in/hospitals",2,112,"1.79%",9.84
"https://www.medical365.in/multi-facility-sync",2,43,"4.65%",20.4
"https://www.medical365.in/diabetes-care-management",2,43,"4.65%",24.44
"https://www.medical365.in/telemedicine-platform-mansarovar-jaipur",2,38,"5.26%",27.97
"https://www.medical365.in/vaccine-management",2,23,"8.70%",25.43
"https://www.medical365.in/xray-imaging-integration",2,22,"9.09%",22.59
"https://www.medical365.in/hospital-hrms-alwar",2,14,"14.29%",6
"https://www.medical365.in/emr",1,915,"0.11%",61.02
"https://www.medical365.in/crm",1,877,"0.11%",61.74
"https://www.medical365.in/revenue-cycle-management",1,796,"0.13%",71.5
"https://www.medical365.in/ris-pacs",1,438,"0.23%",59.92
"https://www.medical365.in/emr-ehr-system",1,428,"0.23%",76.68
"https://www.medical365.in/healthcare-kiosk",1,294,"0.34%",59.88
"https://www.medical365.in/patient-portal",1,252,"0.40%",40.71
"https://www.medical365.in/dental-tooth-chart",1,222,"0.45%",8.3
"https://www.medical365.in/nursing-management-system",1,180,"0.56%",21.07
"https://www.medical365.in/ob-gyn-ehr",1,177,"0.56%",69.01
"https://www.medical365.in/e-prescriptions",1,143,"0.70%",36.01
"https://www.medical365.in/hospital-bed-management",1,115,"0.87%",30.35
"https://www.medical365.in/healthcare-digital-marketing-services-rajasthan",1,115,"0.87%",48.38
"https://www.medical365.in/abha",1,102,"0.98%",37.88
"https://www.medical365.in/blogs/hospital-billing-software-india",1,100,"1.00%",13.99
"https://www.medical365.in/contact",1,92,"1.09%",18.36
"https://www.medical365.in/outpatient",1,87,"1.15%",46.52
"https://www.medical365.in/doctor-mobile-app",1,63,"1.59%",22.57
"https://www.medical365.in/offline-data-entry",1,56,"1.79%",24.91
"https://www.medical365.in/centralised-management",1,52,"1.92%",13.73
"https://www.medical365.in/clinical-assessment-forms",1,43,"2.33%",32.79
"https://www.medical365.in/healthcare-kiosk-providers-kota",1,36,"2.78%",13.36
"https://www.medical365.in/canteen-management",1,33,"3.03%",16.52
"https://www.medical365.in/pharmacy-management-software-raja-park",1,32,"3.12%",15.28
"https://www.medical365.in/allergy-tracking",1,26,"3.85%",60
"https://www.medical365.in/pediatric-dosage-calculator",1,25,"4.00%",15.8
"https://www.medical365.in/ultrasound-reports",1,22,"4.55%",25.68
"https://www.medical365.in/hospital-management-software-c-scheme",1,16,"6.25%",12.69
"https://www.medical365.in/best-hospital-management-software-rajasthan",1,12,"8.33%",10.17
"https://www.medical365.in/revenue-cycle-management-jaipur",1,10,"10.00%",5.7
"https://www.medical365.in/hospital-hrms-jodhpur",1,10,"10.00%",6.7
"https://www.medical365.in/angiography-reports",1,9,"11.11%",7.56
"https://www.medical365.in/lab-integration",1,9,"11.11%",31.22
"https://www.medical365.in/hospital-queue-token-management-udaipur",1,8,"12.50%",11
"https://www.medical365.in/hospital-management-software-ahmedabad",1,7,"14.29%",14.29
"https://www.medical365.in/healthcare-crm-jodhpur",1,6,"16.67%",5.17
"https://www.medical365.in/telemedicine-platform-pali",1,6,"16.67%",20
"https://www.medical365.in/abha-compliance-software-bikaner",1,4,"25.00%",6.75
"https://www.medical365.in/emr-software-jagatpura-jaipur",1,4,"25.00%",7.75
"https://www.medical365.in/telemedicine-platform-kota",1,3,"33.33%",20.33
"https://www.medical365.in/revenue-cycle-management-kota",1,2,"50.00%",5
"https://www.medical365.in/healthcare-kiosk-providers-bikaner",1,2,"50.00%",6.5
"https://www.medical365.in/billing-invoicing",0,880,"0.00%",74.35
"https://www.medical365.in/dermatology-treatment-plans",0,866,"0.00%",70.73
"https://www.medical365.in/hrms",0,676,"0.00%",38.27
"https://www.medical365.in/crm-for-medical-clinic",0,458,"0.00%",62.46
"https://www.medical365.in/surgery-planning",0,432,"0.00%",64.7
"https://www.medical365.in/referral-management",0,394,"0.00%",71.55
"https://www.medical365.in/cosmetic-procedure-records",0,376,"0.00%",53.99
"https://www.medical365.in/cognitive-assessment",0,313,"0.00%",68.25
"https://www.medical365.in/lims",0,301,"0.00%",22.73
"https://www.medical365.in/patient-mobile-app",0,297,"0.00%",51.08
"https://www.medical365.in/inpatient",0,281,"0.00%",58.33
"https://www.medical365.in/fertility-treatment-tracking",0,273,"0.00%",64.93
"https://www.medical365.in/clinics",0,233,"0.00%",15.71
"https://www.medical365.in/blogs/medical365-vs-practo",0,218,"0.00%",8.57
"https://www.medical365.in/digital-marketing",0,215,"0.00%",77.05
"https://www.medical365.in/pharmacy",0,213,"0.00%",58.47
"https://www.medical365.in/blogs/emr-vs-ehr-india",0,200,"0.00%",44.91
"https://www.medical365.in/supply-chain",0,185,"0.00%",51.76
"https://www.medical365.in/dermatology-photos",0,177,"0.00%",59.5
"https://www.medical365.in/data-migration",0,165,"0.00%",77.56
"https://www.medical365.in/telemedicine",0,147,"0.00%",39.97
"https://www.medical365.in/patient-registration",0,147,"0.00%",40.43
"https://www.medical365.in/eye-pressure-tracking",0,141,"0.00%",10.28
"https://www.medical365.in/book-demo",0,141,"0.00%",12.9
"https://www.medical365.in/clinic-management-system-jaipur",0,140,"0.00%",20.24
"https://www.medical365.in/mental-health-assessments",0,136,"0.00%",71.59
"https://www.medical365.in/geofencing",0,127,"0.00%",59.13
"https://www.medical365.in/cardiac-risk-scoring",0,119,"0.00%",71.91
"https://www.medical365.in/blogs/dpdp-act-2023-hospitals",0,113,"0.00%",29.75
"https://www.medical365.in/finance-accounting",0,113,"0.00%",71.55
"https://www.medical365.in/feedback-surveys",0,109,"0.00%",74.06
"https://www.medical365.in/best-nabh-hospital-management-software-jaipur",0,108,"0.00%",14.6
"https://www.medical365.in/cancer-staging",0,80,"0.00%",71.36
"https://www.medical365.in/virtual-opd",0,77,"0.00%",29.86
"https://www.medical365.in/billing-reports",0,72,"0.00%",65.26
"https://www.medical365.in/medical-camp-management-software-bhilwara",0,70,"0.00%",9.2
"https://www.medical365.in/speech-to-text",0,70,"0.00%",64.03
"https://www.medical365.in/blogs",0,69,"0.00%",15.03
"https://www.medical365.in/hospital-management-software-jaipur",0,66,"0.00%",13.88
"https://www.medical365.in/ecg-ekg-integration",0,65,"0.00%",18.18
"https://www.medical365.in/antenatal-care-records",0,65,"0.00%",65.78
"https://www.medical365.in/growth-charts",0,64,"0.00%",57.66
"https://www.medical365.in/ledger",0,63,"0.00%",23.94
"https://www.medical365.in/rpa",0,63,"0.00%",54.6
"https://www.medical365.in/healthcare-crm-udaipur",0,58,"0.00%",15.88
"https://www.medical365.in/blogs/opd-queue-management",0,58,"0.00%",25.98
"https://www.medical365.in/financial-management",0,58,"0.00%",71.26
"https://www.medical365.in/delivery-records",0,54,"0.00%",69.37
"https://www.medical365.in/accounts-receivable",0,53,"0.00%",73.21
"https://www.medical365.in/abha-compliance-software-pali",0,52,"0.00%",8.63
"https://www.medical365.in/compliance-security",0,46,"0.00%",22.89
"https://www.medical365.in/configurations",0,46,"0.00%",70.15
"https://www.medical365.in/blood-bank-software-udaipur",0,43,"0.00%",9.7
"https://www.medical365.in/dental-treatment-planning",0,43,"0.00%",13.02
"https://www.medical365.in/abha-compliance-software-kota",0,41,"0.00%",9.76
"https://www.medical365.in/blogs/cloud-vs-onpremise-hms",0,40,"0.00%",17.9
"https://www.medical365.in/clinic-management-system-sri-ganganagar",0,39,"0.00%",9
"https://www.medical365.in/medical-camp",0,39,"0.00%",13.23
"https://www.medical365.in/patient-history",0,38,"0.00%",59.08
"https://www.medical365.in/online-scheduling",0,37,"0.00%",66.62
"https://www.medical365.in/fhir-hl7-compliant-software-jaipur",0,36,"0.00%",27.81
"https://www.medical365.in/cardiac-history-templates",0,35,"0.00%",65.11
"https://www.medical365.in/lipid-profile-tracking",0,34,"0.00%",37.74
"https://www.medical365.in/medication-tracking",0,33,"0.00%",55.52
"https://www.medical365.in/parent-communication",0,33,"0.00%",55.67
"https://www.medical365.in/integrated-population-healthcare-management-jaipur",0,32,"0.00%",11.69
"https://www.medical365.in/inpatient-management-software-udaipur",0,32,"0.00%",18.22
"https://www.medical365.in/data-security",0,32,"0.00%",69.94
"https://www.medical365.in/dental-practice-ehr",0,31,"0.00%",78.45
"https://www.medical365.in/patient-portal-software-vidyadhar-nagar",0,30,"0.00%",11.63
"https://www.medical365.in/operation-theater-management-alwar",0,30,"0.00%",12.9
"https://www.medical365.in/blogs/digitize-clinic-30-days",0,29,"0.00%",24.07
"https://www.medical365.in/pm-yojana",0,29,"0.00%",34.07
"https://www.medical365.in/tumor-tracking",0,29,"0.00%",53.03
"https://www.medical365.in/optical-prescription-mgt",0,29,"0.00%",63.48
"https://www.medical365.in/confidential-records",0,29,"0.00%",68.52
"https://www.medical365.in/privacy-policy",0,27,"0.00%",7.07
"https://www.medical365.in/revenue-cycle-management-c-scheme",0,27,"0.00%",11.07
"https://www.medical365.in/notifications-system",0,26,"0.00%",45.23
"https://www.medical365.in/government-ops",0,26,"0.00%",69.15
"https://www.medical365.in/supplier-management",0,26,"0.00%",72.92
"https://www.medical365.in/multilingual-hims",0,25,"0.00%",47.4
"https://www.medical365.in/health-surveillance",0,25,"0.00%",66.48
"https://www.medical365.in/hospital-management-software-kota",0,24,"0.00%",5.58
"https://www.medical365.in/physiotherapy-notes",0,24,"0.00%",29.67
"https://www.medical365.in/health-hire",0,24,"0.00%",37
"https://www.medical365.in/cloud-security",0,24,"0.00%",63.62
"https://www.medical365.in/blogs/telemedicine-india-guide",0,23,"0.00%",12.13
"https://www.medical365.in/mri-ct-integration",0,23,"0.00%",34.52
"https://www.medical365.in/unified-reporting",0,23,"0.00%",56.22
"https://www.medical365.in/revenue-cycle-management-mansarovar",0,22,"0.00%",5.86
"https://www.medical365.in/hospital-management-software-jodhpur",0,22,"0.00%",9.27
"https://www.medical365.in/telemedicine-platform-clinics-mansarovar",0,22,"0.00%",25.41
"https://www.medical365.in/royalty-program",0,22,"0.00%",27.82
"https://www.medical365.in/communication-management",0,22,"0.00%",71.23
"https://www.medical365.in/outpatient-software-solutions-jodhpur",0,21,"0.00%",16.52
"https://www.medical365.in/hospital-it-cloud-migration-jaipur",0,21,"0.00%",16.86
"https://www.medical365.in/service-requests",0,21,"0.00%",54.19
"https://www.medical365.in/nursing-management-system-sikar",0,20,"0.00%",10.6
"https://www.medical365.in/multi-facility-hospital-software-jaipur",0,20,"0.00%",45.1
"https://www.medical365.in/dental-insurance-billing",0,20,"0.00%",62.6
"https://www.medical365.in/resource-management",0,20,"0.00%",72.45
"https://www.medical365.in/fhir-hl7",0,19,"0.00%",19.89
"https://www.medical365.in/clinic-management-system-kota",0,19,"0.00%",21.89
"https://www.medical365.in/abha-compliance-software-jaipur",0,19,"0.00%",33.42
"https://www.medical365.in/pacemaker-tracking",0,19,"0.00%",45.16
"https://www.medical365.in/virtual-opd-software-ajmer",0,18,"0.00%",11.72
"https://www.medical365.in/vision-refraction-charts",0,18,"0.00%",20.67
"https://www.medical365.in/developmental-milestones",0,18,"0.00%",35.94
"https://www.medical365.in/hospital-management-software-pali",0,17,"0.00%",19.88
"https://www.medical365.in/on-prem-solution",0,17,"0.00%",53.82
"https://www.medical365.in/lasik-surgery-records",0,17,"0.00%",57.24
"https://www.medical365.in/direct-communication",0,17,"0.00%",58.76
"https://www.medical365.in/dental-imaging",0,17,"0.00%",62.88
"https://www.medical365.in/financial-reporting",0,17,"0.00%",82.41
"https://www.medical365.in/healthcare-crm-jhotwara-jaipur",0,16,"0.00%",8.06
"https://www.medical365.in/seizure-tracking",0,16,"0.00%",38.69
"https://www.medical365.in/diagnosis-treatment",0,16,"0.00%",78.69
"https://www.medical365.in/emr-software-bikaner",0,15,"0.00%",4.8
"https://www.medical365.in/terms-of-service",0,15,"0.00%",6.13
"https://www.medical365.in/revenue-cycle-management-malviya-nagar",0,15,"0.00%",6.6
"https://www.medical365.in/nursing-management-system-jagatpura-jaipur",0,15,"0.00%",9.47
"https://www.medical365.in/blogs/lims-vs-manual-lab",0,15,"0.00%",10.53
"https://www.medical365.in/stroke-management",0,15,"0.00%",27.33
"https://www.medical365.in/campaign-performance",0,15,"0.00%",68.33
"https://www.medical365.in/patient-relations",0,14,"0.00%",38.29
"https://www.medical365.in/neurological-exam-forms",0,14,"0.00%",45.86
"https://www.medical365.in/diabetes-patient-care",0,14,"0.00%",54.93
"https://www.medical365.in/revenue-cycle-management-jagatpura",0,13,"0.00%",2.92
"https://www.medical365.in/hospital-management-software-mansarovar-jaipur",0,13,"0.00%",4.08
"https://www.medical365.in/hospital-online-scheduling-software-sri-ganganagar",0,13,"0.00%",8.15
"https://www.medical365.in/clinic-management-system-udaipur",0,13,"0.00%",10.38
"https://www.medical365.in/healthcare-crm-bapu-nagar-jaipur",0,13,"0.00%",24.69
"https://www.medical365.in/eeg-reports",0,13,"0.00%",42.31
"https://www.medical365.in/joint-mobility-tracking",0,13,"0.00%",69.77
"https://www.medical365.in/medical-camp-management-software-bikaner",0,12,"0.00%",7
"https://www.medical365.in/hospital-queue-token-management-vaishali-nagar-jaipur",0,12,"0.00%",8.42
"https://www.medical365.in/cloud-solution",0,12,"0.00%",56.25
"https://www.medical365.in/healthcare-kiosk-providers-jagatpura-jaipur",0,11,"0.00%",6.27
"https://www.medical365.in/vaccine-management-system-bharatpur",0,11,"0.00%",8.18
"https://www.medical365.in/abha-compliance-software-ajmer",0,11,"0.00%",10.27
"https://www.medical365.in/clinic-management-system-mansarovar",0,11,"0.00%",11.18
"https://www.medical365.in/lims-laboratory-information-management-tonk-road",0,11,"0.00%",12.09
"https://www.medical365.in/echocardiography-reports",0,11,"0.00%",34.64
"https://www.medical365.in/skin-image-tracking",0,11,"0.00%",45
"https://www.medical365.in/clinic-management-system-jodhpur",0,10,"0.00%",2
"https://www.medical365.in/healthcare-crm-jaipur",0,10,"0.00%",6.8
"https://www.medical365.in/hospital-online-scheduling-software-jodhpur",0,10,"0.00%",10.4
"https://www.medical365.in/blogs/ai-hospital-management-india",0,10,"0.00%",13.1
"https://www.medical365.in/patient-portal-software-vidyadhar-nagar-jaipur",0,10,"0.00%",14.1
"https://www.medical365.in/appointment-trends",0,10,"0.00%",47.2
"https://www.medical365.in/patient-demographics",0,10,"0.00%",55.5
"https://www.medical365.in/asset-management",0,10,"0.00%",70.8
"https://www.medical365.in/hospital-management-software-patna",0,9,"0.00%",4.67
"https://www.medical365.in/nursing-management-system-vaishali-nagar",0,9,"0.00%",6.78
"https://www.medical365.in/healthcare-crm-mansarovar-jaipur",0,9,"0.00%",17.11
"https://www.medical365.in/hospital-management-software-delhi",0,9,"0.00%",22.44
"https://www.medical365.in/clinical-trial-management",0,9,"0.00%",48.78
"https://www.medical365.in/hospital-management-software-bikaner",0,8,"0.00%",6.12
"https://www.medical365.in/telemedicine-platform-sikar",0,8,"0.00%",6.12
"https://www.medical365.in/emr-software-jodhpur",0,8,"0.00%",11.12
"https://www.medical365.in/healthcare-feedback-satisfaction-surveys-alwar",0,8,"0.00%",13.5
"https://www.medical365.in/emr-software-hospitals-bikaner",0,8,"0.00%",16.12
"https://www.medical365.in/hospital-bed-management-software-bapu-nagar-jaipur",0,8,"0.00%",31.62
"https://www.medical365.in/retina-imaging-integration",0,8,"0.00%",31.62
"https://www.medical365.in/vaccination-tracking",0,8,"0.00%",46.75
"https://www.medical365.in/general-practice-ehr",0,8,"0.00%",48.5
"https://www.medical365.in/healthcare-crm-tonk-road-jaipur",0,8,"0.00%",63.62
"https://www.medical365.in/lims-laboratory-information-management-bharatpur",0,7,"0.00%",3.57
"https://www.medical365.in/clinical-assessment-form-software-bapu-nagar-jaipur",0,7,"0.00%",5
"https://www.medical365.in/healthcare-kiosk-providers-malviya-nagar",0,7,"0.00%",6.29
"https://www.medical365.in/hospital-hrms-bikaner",0,7,"0.00%",8.71
"https://www.medical365.in/hospital-hrms-malviya-nagar",0,7,"0.00%",13.57
"https://www.medical365.in/hospital-hrms-vaishali-nagar",0,7,"0.00%",15.14
"https://www.medical365.in/healthcare-crm-mansarovar",0,7,"0.00%",17.43
"https://www.medical365.in/mental-health-ehr",0,7,"0.00%",27.57
"https://www.medical365.in/patient-portal-software-kota",0,7,"0.00%",28
"https://www.medical365.in/healthcare-cloud-migration-services-jaipur",0,7,"0.00%",28.57
"https://www.medical365.in/behavioral-history",0,7,"0.00%",29.14
"https://www.medical365.in/pregnancy-tracking",0,7,"0.00%",35.29
"https://www.medical365.in/implementation",0,7,"0.00%",36.57
"https://www.medical365.in/implant-records",0,7,"0.00%",40.71
"https://www.medical365.in/revenue-cycle-management-raja-park",0,7,"0.00%",41.14
"https://www.medical365.in/radiation-therapy-records",0,7,"0.00%",46.86
"https://www.medical365.in/hospital-hrms-c-scheme",0,6,"0.00%",4.17
"https://www.medical365.in/hospital-it-cloud-migration-raja-park",0,6,"0.00%",5.17
"https://www.medical365.in/abha-compliance-software-jagatpura-jaipur",0,6,"0.00%",5.67
"https://www.medical365.in/medical-robotic-process-automation-jagatpura",0,6,"0.00%",7
"https://www.medical365.in/patient-portal-software-bikaner",0,6,"0.00%",7.17
"https://www.medical365.in/fhir-hl7-compliant-software-kota",0,6,"0.00%",8.33
"https://www.medical365.in/population-health",0,6,"0.00%",19.33
"https://www.medical365.in/hospital-data-backup-recovery-kota",0,6,"0.00%",23.17
"https://www.medical365.in/hospital-online-scheduling-software-udaipur",0,6,"0.00%",25
"https://www.medical365.in/oncology-reports",0,6,"0.00%",25.33
"https://www.medical365.in/emr-software-kota",0,6,"0.00%",26
"https://www.medical365.in/hospital-revenue-cycle-management-rajasthan",0,6,"0.00%",28.83
"https://www.medical365.in/fracture-management",0,6,"0.00%",47.17
"https://www.medical365.in/therapy-session-notes",0,6,"0.00%",48.33
"https://www.medical365.in/reporting-analytics",0,6,"0.00%",76.83
"https://www.medical365.in/healthcare-crm-bikaner",0,5,"0.00%",3.4
"https://www.medical365.in/medical-asset-inventory-management-vaishali-nagar",0,5,"0.00%",4.4
"https://www.medical365.in/abha-compliance-software-malviya-nagar",0,5,"0.00%",4.6
"https://www.medical365.in/clinical-assessment-form-software-pali",0,5,"0.00%",6.2
"https://www.medical365.in/hospital-hrms-sri-ganganagar",0,5,"0.00%",7.4
"https://www.medical365.in/operation-theater-management-raja-park",0,5,"0.00%",7.6
"https://www.medical365.in/telemedicine-platform-bapu-nagar",0,5,"0.00%",8
"https://www.medical365.in/patient-mobile-app-developers-rajasthan",0,5,"0.00%",8.8
"https://www.medical365.in/operation-theater-management-jagatpura",0,5,"0.00%",9.6
"https://www.medical365.in/hospital-bed-management-software-kota",0,5,"0.00%",15.4
"https://www.medical365.in/accounts-payable",0,5,"0.00%",35.8
"https://www.medical365.in/inventory-assets",0,5,"0.00%",43.2
"https://www.medical365.in/hospital-management-software-bapu-nagar",0,5,"0.00%",53.6
"https://www.medical365.in/lims-laboratory-information-management-jagatpura",0,4,"0.00%",2.5
"https://www.medical365.in/medical-asset-inventory-management-bapu-nagar",0,4,"0.00%",2.5
"https://www.medical365.in/abha-compliance-software-alwar",0,4,"0.00%",4.75
"https://www.medical365.in/clinic-management-system-tonk-road",0,4,"0.00%",5.25
"https://www.medical365.in/hospital-online-scheduling-software-bapu-nagar-jaipur",0,4,"0.00%",5.5
"https://www.medical365.in/medical-asset-inventory-management-jodhpur",0,4,"0.00%",5.75
"https://www.medical365.in/clinic-management-system-sikar",0,4,"0.00%",6
"https://www.medical365.in/revenue-cycle-management-c-scheme-jaipur",0,4,"0.00%",6
"https://www.medical365.in/integrated-population-healthcare-management-kota",0,4,"0.00%",7
"https://www.medical365.in/hospital-data-backup-recovery-jhotwara",0,4,"0.00%",7.25
"https://www.medical365.in/medical-robotic-process-automation-mansarovar",0,4,"0.00%",7.25
"https://www.medical365.in/hospital-queue-token-management-c-scheme",0,4,"0.00%",7.5
"https://www.medical365.in/healthcare-crm-vaishali-nagar-jaipur",0,4,"0.00%",7.75
"https://www.medical365.in/hospital-hrms-c-scheme-jaipur",0,4,"0.00%",7.75
"https://www.medical365.in/hospital-bed-management-software-sri-ganganagar",0,4,"0.00%",8.25
"https://www.medical365.in/clinic-management-system-vaishali-nagar-jaipur",0,4,"0.00%",9.75
"https://www.medical365.in/healthcare-crm-alwar",0,4,"0.00%",10.5
"https://www.medical365.in/hospital-bed-management-software-alwar",0,4,"0.00%",18.75
"https://www.medical365.in/emr-software-c-scheme",0,4,"0.00%",22.75
"https://www.medical365.in/pricing",0,4,"0.00%",34
"https://www.medical365.in/paediatric-ehr",0,4,"0.00%",55.75
"https://www.medical365.in/hospital-management-software-sri-ganganagar",0,3,"0.00%",1
"https://www.medical365.in/hospital-management-software-ajmer",0,3,"0.00%",2
"https://www.medical365.in/lims-laboratory-information-management-raja-park",0,3,"0.00%",3
"https://www.medical365.in/hospital-ledger-accounting-software-bikaner",0,3,"0.00%",4
"https://www.medical365.in/abha-compliance-software-sikar",0,3,"0.00%",4.33
"https://www.medical365.in/telemedicine-platform-jaipur",0,3,"0.00%",4.33
"https://www.medical365.in/healthcare-kiosk-providers-pali",0,3,"0.00%",4.67
"https://www.medical365.in/hospital-hrms-ajmer",0,3,"0.00%",4.67
"https://www.medical365.in/clinic-management-system-raja-park-jaipur",0,3,"0.00%",5.67
"https://www.medical365.in/revenue-cycle-management-jhotwara-jaipur",0,3,"0.00%",6
"https://www.medical365.in/emr-software-pali",0,3,"0.00%",6.33
"https://www.medical365.in/revenue-cycle-management-vaishali-nagar",0,3,"0.00%",7
"https://www.medical365.in/healthcare-crm-bhilwara",0,3,"0.00%",7.33
"https://www.medical365.in/hospital-queue-token-management-pali",0,3,"0.00%",7.33
"https://www.medical365.in/integrated-population-healthcare-management-alwar",0,3,"0.00%",7.33
"https://www.medical365.in/integrated-population-healthcare-management-c-scheme-jaipur",0,3,"0.00%",7.33
"https://www.medical365.in/revenue-cycle-management-udaipur",0,3,"0.00%",7.33
"https://www.medical365.in/hospital-software-vaishali-nagar",0,3,"0.00%",7.67
"https://www.medical365.in/abha-compliance-software-bharatpur",0,3,"0.00%",8.33
"https://www.medical365.in/hospital-hrms-tonk-road",0,3,"0.00%",8.67
"https://www.medical365.in/abha-compliance-software-bhilwara",0,3,"0.00%",9
"https://www.medical365.in/operation-theater-management-tonk-road",0,3,"0.00%",9
"https://www.medical365.in/clinic-management-system-jagatpura",0,3,"0.00%",9.33
"https://www.medical365.in/telemedicine-platform-jodhpur",0,3,"0.00%",9.33
"https://www.medical365.in/healthcare-kiosk-providers-tonk-road",0,3,"0.00%",9.67
"https://www.medical365.in/hospital-bed-management-software-pali",0,3,"0.00%",10.33
"https://www.medical365.in/outpatient-software-solutions-raja-park",0,3,"0.00%",10.33
"https://www.medical365.in/hospital-it-cloud-migration-jodhpur",0,3,"0.00%",11.33
"https://www.medical365.in/abha-compliance-software-hospitals-kota",0,3,"0.00%",15
"https://www.medical365.in/inpatient-management-software-bikaner",0,3,"0.00%",15
"https://www.medical365.in/medical-robotic-process-automation-jodhpur",0,3,"0.00%",15.67
"https://www.medical365.in/hospital-hrms-jagatpura",0,3,"0.00%",19
"https://www.medical365.in/clinic-management-system-ajmer",0,3,"0.00%",25.67
"https://www.medical365.in/dental-procedure-history",0,3,"0.00%",69
"https://www.medical365.in/hospital-bed-management-software-jhotwara",0,2,"0.00%",1
"https://www.medical365.in/lims-laboratory-information-management-bikaner",0,2,"0.00%",1
"https://www.medical365.in/telemedicine-platform-udaipur",0,2,"0.00%",2
"https://www.medical365.in/revenue-cycle-management-ajmer",0,2,"0.00%",3
"https://www.medical365.in/healthcare-kiosk-providers-udaipur",0,2,"0.00%",3.5
"https://www.medical365.in/hospital-it-cloud-migration-udaipur",0,2,"0.00%",3.5
"https://www.medical365.in/hospital-queue-token-management-ajmer",0,2,"0.00%",3.5
"https://www.medical365.in/patient-portal-software-jodhpur",0,2,"0.00%",3.5
"https://www.medical365.in/revenue-cycle-management-sri-ganganagar",0,2,"0.00%",3.5
"https://www.medical365.in/abha-compliance-software-jagatpura",0,2,"0.00%",4
"https://www.medical365.in/emr-software-jaipur",0,2,"0.00%",4
"https://www.medical365.in/fhir-hl7-compliant-software-udaipur",0,2,"0.00%",4
"https://www.medical365.in/healthcare-crm-c-scheme",0,2,"0.00%",4
"https://www.medical365.in/hospital-management-software-alwar",0,2,"0.00%",4.5
"https://www.medical365.in/inpatient-management-software-jhotwara-jaipur",0,2,"0.00%",4.5
"https://www.medical365.in/lims-laboratory-information-management-mansarovar",0,2,"0.00%",4.5
"https://www.medical365.in/stress-test-management",0,2,"0.00%",4.5
"https://www.medical365.in/healthcare-crm-raja-park",0,2,"0.00%",5
"https://www.medical365.in/vaccine-management-system-malviya-nagar",0,2,"0.00%",5
"https://www.medical365.in/healthcare-crm-jagatpura-jaipur",0,2,"0.00%",5.5
"https://www.medical365.in/healthcare-kiosk-providers-c-scheme",0,2,"0.00%",5.5
"https://www.medical365.in/medical-asset-inventory-management-tonk-road",0,2,"0.00%",5.5
"https://www.medical365.in/abha-compliance-software-sri-ganganagar",0,2,"0.00%",6
"https://www.medical365.in/healthcare-crm-jhotwara",0,2,"0.00%",6
"https://www.medical365.in/hospital-it-cloud-migration-c-scheme",0,2,"0.00%",6
"https://www.medical365.in/hospital-queue-token-management-jagatpura",0,2,"0.00%",6
"https://www.medical365.in/medical-robotic-process-automation-raja-park",0,2,"0.00%",6
"https://www.medical365.in/multi-facility-hospital-software-tonk-road",0,2,"0.00%",6
"https://www.medical365.in/medical-robotic-process-automation-tonk-road",0,2,"0.00%",6.5
"https://www.medical365.in/pricing_section",0,2,"0.00%",6.5
"https://www.medical365.in/abha-compliance-software-mansarovar-jaipur",0,2,"0.00%",7
"https://www.medical365.in/healthcare-feedback-satisfaction-surveys-raja-park",0,2,"0.00%",7
"https://www.medical365.in/emr-software-c-scheme-jaipur",0,2,"0.00%",7.5
"https://www.medical365.in/hospital-data-backup-recovery-ajmer",0,2,"0.00%",7.5
"https://www.medical365.in/integrated-population-healthcare-management-jagatpura",0,2,"0.00%",8
"https://www.medical365.in/telemedicine-platform-mansarovar",0,2,"0.00%",8.5
"https://www.medical365.in/healthcare-kiosk-providers-sri-ganganagar",0,2,"0.00%",9
"https://www.medical365.in/patient-portal-software-vaishali-nagar-jaipur",0,2,"0.00%",9
"https://www.medical365.in/telemedicine-platform-c-scheme",0,2,"0.00%",9
"https://www.medical365.in/vaccine-management-system-malviya-nagar-jaipur",0,2,"0.00%",9
"https://www.medical365.in/healthcare-kiosk-providers-bhilwara",0,2,"0.00%",9.5
"https://www.medical365.in/vaccine-management-system-sri-ganganagar",0,2,"0.00%",9.5
"https://www.medical365.in/vaccine-management-system-vaishali-nagar",0,2,"0.00%",9.5
"https://www.medical365.in/lims-laboratory-information-management-vidyadhar-nagar",0,2,"0.00%",10
"https://www.medical365.in/medical-camp-management-software-tonk-road",0,2,"0.00%",10
"https://www.medical365.in/revenue-cycle-management-tonk-road-jaipur",0,2,"0.00%",10
"https://www.medical365.in/healthcare-kiosk-providers-alwar",0,2,"0.00%",10.5
"https://www.medical365.in/revenue-cycle-management-jagatpura-jaipur",0,2,"0.00%",10.5
"https://www.medical365.in/chemotherapy-plans",0,2,"0.00%",11
"https://www.medical365.in/inpatient-management-software-mansarovar",0,2,"0.00%",11
"https://www.medical365.in/nursing-management-system-bapu-nagar-jaipur",0,2,"0.00%",11.5
"https://www.medical365.in/hospital-queue-token-management-malviya-nagar",0,2,"0.00%",12
"https://www.medical365.in/integrated-population-healthcare-management-mansarovar",0,2,"0.00%",12
"https://www.medical365.in/operation-theater-management-mansarovar",0,2,"0.00%",12
"https://www.medical365.in/inpatient-management-software-kota",0,2,"0.00%",21.5
"https://www.medical365.in/hospital-bed-management-software-jodhpur",0,2,"0.00%",26.5
"https://www.medical365.in/operation-theater-management-bapu-nagar",0,2,"0.00%",29.5
"https://www.medical365.in/fhir-hl7-compliant-software-c-scheme",0,2,"0.00%",32
"https://www.medical365.in/healthcare-crm-vidyadhar-nagar",0,2,"0.00%",32
"https://www.medical365.in/healthcare-crm-bapu-nagar",0,2,"0.00%",64
"https://www.medical365.in/revenue-cycle-management-bapu-nagar",0,2,"0.00%",68.5
"https://www.medical365.in/emr-software-sri-ganganagar",0,1,"0.00%",1
"https://www.medical365.in/fhir-hl7-compliant-software-sri-ganganagar",0,1,"0.00%",1
"https://www.medical365.in/healthcare-crm-jagatpura",0,1,"0.00%",1
"https://www.medical365.in/hospital-data-backup-recovery-pali",0,1,"0.00%",1
"https://www.medical365.in/hospital-management-software-sikar",0,1,"0.00%",1
"https://www.medical365.in/hospital-online-scheduling-software-mansarovar",0,1,"0.00%",1
"https://www.medical365.in/hospital-queue-token-management-tonk-road",0,1,"0.00%",1
"https://www.medical365.in/integrated-population-healthcare-management-bapu-nagar",0,1,"0.00%",1
"https://www.medical365.in/lims-laboratory-information-management-malviya-nagar",0,1,"0.00%",1
"https://www.medical365.in/outpatient-software-solutions-bapu-nagar-jaipur",0,1,"0.00%",1
"https://www.medical365.in/revenue-cycle-management-jodhpur",0,1,"0.00%",1
"https://www.medical365.in/telemedicine-platform-sri-ganganagar",0,1,"0.00%",1
"https://www.medical365.in/vaccine-management-system-jaipur",0,1,"0.00%",1
"https://www.medical365.in/abha-compliance-software-jhotwara-jaipur",0,1,"0.00%",2
"https://www.medical365.in/fhir-hl7-compliant-software-bhilwara",0,1,"0.00%",2
"https://www.medical365.in/healthcare-feedback-satisfaction-surveys-jaipur",0,1,"0.00%",2
"https://www.medical365.in/healthcare-kiosk-providers-jodhpur",0,1,"0.00%",2
"https://www.medical365.in/healthcare-kiosk-providers-sikar",0,1,"0.00%",2
"https://www.medical365.in/hospital-it-cloud-migration-pali",0,1,"0.00%",2
"https://www.medical365.in/lims-laboratory-information-management-alwar",0,1,"0.00%",2
"https://www.medical365.in/revenue-cycle-management-bapu-nagar-jaipur",0,1,"0.00%",2
"https://www.medical365.in/telemedicine-platform-tonk-road-jaipur",0,1,"0.00%",2
"https://www.medical365.in/abha-compliance-software-malviya-nagar-jaipur",0,1,"0.00%",3
"https://www.medical365.in/abha-compliance-software-vidyadhar-nagar",0,1,"0.00%",3
"https://www.medical365.in/healthcare-feedback-satisfaction-surveys-kota",0,1,"0.00%",3
"https://www.medical365.in/hospital-hrms-malviya-nagar-jaipur",0,1,"0.00%",3
"https://www.medical365.in/hospital-online-scheduling-software-jaipur",0,1,"0.00%",3
"https://www.medical365.in/hospital-queue-token-management-sri-ganganagar",0,1,"0.00%",3
"https://www.medical365.in/lims-laboratory-information-management-udaipur",0,1,"0.00%",3
"https://www.medical365.in/clinical-assessment-form-software-sikar",0,1,"0.00%",4
"https://www.medical365.in/healthcare-kiosk-providers-tonk-road-jaipur",0,1,"0.00%",4
"https://www.medical365.in/hospital-hrms-bhilwara",0,1,"0.00%",4
"https://www.medical365.in/hospital-hrms-mansarovar-jaipur",0,1,"0.00%",4
"https://www.medical365.in/hospital-hrms-udaipur",0,1,"0.00%",4
"https://www.medical365.in/hospital-it-cloud-migration-tonk-road",0,1,"0.00%",4
"https://www.medical365.in/hospital-management-software-tonk-road",0,1,"0.00%",4
"https://www.medical365.in/hospital-online-scheduling-software-tonk-road",0,1,"0.00%",4
"https://www.medical365.in/medical-camp-management-software-malviya-nagar",0,1,"0.00%",4
"https://www.medical365.in/revenue-cycle-management-alwar",0,1,"0.00%",4
"https://www.medical365.in/emr-software-jhotwara-jaipur",0,1,"0.00%",5
"https://www.medical365.in/emr-software-mansarovar-jaipur",0,1,"0.00%",5
"https://www.medical365.in/healthcare-crm-pali",0,1,"0.00%",5
"https://www.medical365.in/hospital-bed-management-software-c-scheme",0,1,"0.00%",5
"https://www.medical365.in/hospital-hrms-bapu-nagar-jaipur",0,1,"0.00%",5
"https://www.medical365.in/hospital-hrms-bharatpur",0,1,"0.00%",5
"https://www.medical365.in/hospital-it-cloud-migration-c-scheme-jaipur",0,1,"0.00%",5
"https://www.medical365.in/hospital-online-scheduling-software-mansarovar-jaipur",0,1,"0.00%",5
"https://www.medical365.in/hospital-queue-token-management-tonk-road-jaipur",0,1,"0.00%",5
"https://www.medical365.in/integrated-population-healthcare-management-tonk-road",0,1,"0.00%",5
"https://www.medical365.in/nursing-management-system-jodhpur",0,1,"0.00%",5
"https://www.medical365.in/nursing-management-system-mansarovar-jaipur",0,1,"0.00%",5
"https://www.medical365.in/outpatient-software-solutions-vidyadhar-nagar",0,1,"0.00%",5
"https://www.medical365.in/revenue-cycle-management-bikaner",0,1,"0.00%",5
"https://www.medical365.in/clinic-management-system-bhilwara",0,1,"0.00%",6
"https://www.medical365.in/clinic-management-system-jhotwara",0,1,"0.00%",6
"https://www.medical365.in/healthcare-feedback-satisfaction-surveys-jagatpura-jaipur",0,1,"0.00%",6
"https://www.medical365.in/hospital-bed-management-software-c-scheme-jaipur",0,1,"0.00%",6
"https://www.medical365.in/hospital-bed-management-software-mansarovar",0,1,"0.00%",6
"https://www.medical365.in/hospital-hrms-raja-park",0,1,"0.00%",6
"https://www.medical365.in/hospital-it-cloud-migration-vidyadhar-nagar",0,1,"0.00%",6
"https://www.medical365.in/hospital-management-software-jhotwara",0,1,"0.00%",6
"https://www.medical365.in/hospital-management-software-visakhapatnam",0,1,"0.00%",6
"https://www.medical365.in/hospital-queue-token-management-sikar",0,1,"0.00%",6
"https://www.medical365.in/lims-laboratory-information-management-mansarovar-jaipur",0,1,"0.00%",6
"https://www.medical365.in/operation-theater-management-jhotwara",0,1,"0.00%",6
"https://www.medical365.in/outpatient-software-solutions-sri-ganganagar",0,1,"0.00%",6
"https://www.medical365.in/patient-portal-software-tonk-road-jaipur",0,1,"0.00%",6
"https://www.medical365.in/abha-compliance-software-c-scheme",0,1,"0.00%",7
"https://www.medical365.in/clinic-management-system-c-scheme",0,1,"0.00%",7
"https://www.medical365.in/clinical-assessment-form-software-vidyadhar-nagar",0,1,"0.00%",7
"https://www.medical365.in/emr-software-bhilwara",0,1,"0.00%",7
"https://www.medical365.in/healthcare-crm-tonk-road",0,1,"0.00%",7
"https://www.medical365.in/hospital-queue-token-management-jhotwara-jaipur",0,1,"0.00%",7
"https://www.medical365.in/hospital-queue-token-management-raja-park-jaipur",0,1,"0.00%",7
"https://www.medical365.in/nursing-management-system-sri-ganganagar",0,1,"0.00%",7
"https://www.medical365.in/operation-theater-management-jaipur",0,1,"0.00%",7
"https://www.medical365.in/vaccine-management-system-sikar",0,1,"0.00%",7
"https://www.medical365.in/clinical-assessment-form-software-malviya-nagar-jaipur",0,1,"0.00%",8
"https://www.medical365.in/healthcare-feedback-satisfaction-surveys-udaipur",0,1,"0.00%",8
"https://www.medical365.in/healthcare-kiosk-providers-jaipur",0,1,"0.00%",8
"https://www.medical365.in/hospital-bed-management-software-malviya-nagar",0,1,"0.00%",8
"https://www.medical365.in/hospital-hrms-tonk-road-jaipur",0,1,"0.00%",8
"https://www.medical365.in/hospital-it-cloud-migration-alwar",0,1,"0.00%",8
"https://www.medical365.in/hospital-queue-token-management-raja-park",0,1,"0.00%",8
"https://www.medical365.in/patient-portal-software-malviya-nagar-jaipur",0,1,"0.00%",8
"https://www.medical365.in/telemedicine-platform-vaishali-nagar",0,1,"0.00%",8
"https://www.medical365.in/vaccine-management-system-mansarovar-jaipur",0,1,"0.00%",8
"https://www.medical365.in/emr-software-alwar",0,1,"0.00%",9
"https://www.medical365.in/emr-software-tonk-road",0,1,"0.00%",9
"https://www.medical365.in/fhir-hl7-compliant-software-tonk-road",0,1,"0.00%",9
"https://www.medical365.in/healthcare-feedback-satisfaction-surveys-tonk-road-jaipur",0,1,"0.00%",9
"https://www.medical365.in/healthcare-kiosk-providers-c-scheme-jaipur",0,1,"0.00%",9
"https://www.medical365.in/healthcare-kiosk-providers-jhotwara-jaipur",0,1,"0.00%",9
"https://www.medical365.in/healthcare-kiosk-providers-vaishali-nagar",0,1,"0.00%",9
"https://www.medical365.in/hospital-hrms-mansarovar",0,1,"0.00%",9
"https://www.medical365.in/hospital-hrms-vaishali-nagar-jaipur",0,1,"0.00%",9
"https://www.medical365.in/hospital-software-tonk-road",0,1,"0.00%",9
"https://www.medical365.in/nursing-management-system-jagatpura",0,1,"0.00%",9
"https://www.medical365.in/operation-theater-management-ajmer",0,1,"0.00%",9
"https://www.medical365.in/operation-theater-management-bharatpur",0,1,"0.00%",9
"https://www.medical365.in/revenue-cycle-management-vidyadhar-nagar",0,1,"0.00%",9
"https://www.medical365.in/vaccine-management-system-bhilwara",0,1,"0.00%",9
"https://www.medical365.in/vaccine-management-system-vidyadhar-nagar",0,1,"0.00%",9
"https://www.medical365.in/abha-compliance-software-jodhpur",0,1,"0.00%",10
"https://www.medical365.in/clinical-assessment-form-software-ajmer",0,1,"0.00%",10
"https://www.medical365.in/fhir-hl7-compliant-software-pali",0,1,"0.00%",10
"https://www.medical365.in/healthcare-kiosk-providers-bharatpur",0,1,"0.00%",10
"https://www.medical365.in/hospital-bed-management-software-bhilwara",0,1,"0.00%",10
"https://www.medical365.in/hospital-data-backup-recovery-jodhpur",0,1,"0.00%",10
"https://www.medical365.in/hospital-it-cloud-migration-malviya-nagar-jaipur",0,1,"0.00%",10
"https://www.medical365.in/hospital-it-cloud-migration-vaishali-nagar",0,1,"0.00%",10
"https://www.medical365.in/hospital-management-software-bhilwara",0,1,"0.00%",10
"https://www.medical365.in/hospital-queue-token-management-mansarovar",0,1,"0.00%",10
"https://www.medical365.in/inpatient-management-software-raja-park-jaipur",0,1,"0.00%",10
"https://www.medical365.in/integrated-population-healthcare-management-malviya-nagar",0,1,"0.00%",10
"https://www.medical365.in/operation-theater-management-c-scheme",0,1,"0.00%",10
"https://www.medical365.in/patient-portal-software-alwar",0,1,"0.00%",10
"https://www.medical365.in/vaccine-management-system-jagatpura",0,1,"0.00%",10
"https://www.medical365.in/clinic-management-system-c-scheme-jaipur",0,1,"0.00%",11
"https://www.medical365.in/healthcare-crm-malviya-nagar",0,1,"0.00%",11
"https://www.medical365.in/healthcare-crm-sri-ganganagar",0,1,"0.00%",11
"https://www.medical365.in/healthcare-crm-vaishali-nagar",0,1,"0.00%",11
"https://www.medical365.in/hospital-bed-management-software-jaipur",0,1,"0.00%",11
"https://www.medical365.in/hospital-data-backup-recovery-mansarovar",0,1,"0.00%",11
"https://www.medical365.in/hospital-data-backup-recovery-raja-park",0,1,"0.00%",11
"https://www.medical365.in/hospital-data-backup-recovery-vaishali-nagar",0,1,"0.00%",11
"https://www.medical365.in/hospital-data-backup-recovery-vaishali-nagar-jaipur",0,1,"0.00%",11
"https://www.medical365.in/hospital-hrms-kota",0,1,"0.00%",11
"https://www.medical365.in/hospital-it-cloud-migration-mansarovar-jaipur",0,1,"0.00%",11
"https://www.medical365.in/inpatient-management-software-sikar",0,1,"0.00%",11
"https://www.medical365.in/medical-asset-inventory-management-mansarovar",0,1,"0.00%",11
"https://www.medical365.in/multi-facility-hospital-software-mansarovar",0,1,"0.00%",11
"https://www.medical365.in/outpatient-software-solutions-tonk-road",0,1,"0.00%",11
"https://www.medical365.in/patient-portal-software-bapu-nagar",0,1,"0.00%",11
"https://www.medical365.in/vaccine-management-system-mansarovar",0,1,"0.00%",11
"https://www.medical365.in/vaccine-management-system-udaipur",0,1,"0.00%",11
"https://www.medical365.in/healthcare-kiosk-providers-vaishali-nagar-jaipur",0,1,"0.00%",12
"https://www.medical365.in/hospital-bed-management-software-bharatpur",0,1,"0.00%",12
"https://www.medical365.in/hospital-management-software-vaishali-nagar-jaipur",0,1,"0.00%",12
"https://www.medical365.in/inpatient-management-software-ajmer",0,1,"0.00%",12
"https://www.medical365.in/operation-theater-management-raja-park-jaipur",0,1,"0.00%",12
"https://www.medical365.in/outpatient-software-solutions-jagatpura-jaipur",0,1,"0.00%",12
"https://www.medical365.in/hospital-bed-management-software-tonk-road-jaipur",0,1,"0.00%",13
"https://www.medical365.in/revenue-cycle-management-malviya-nagar-jaipur",0,1,"0.00%",14
"https://www.medical365.in/hospital-online-scheduling-software-kota",0,1,"0.00%",16
"https://www.medical365.in/clinical-assessment-form-software-bapu-nagar",0,1,"0.00%",18
"https://www.medical365.in/hospital-bed-management-software-bikaner",0,1,"0.00%",19
"https://www.medical365.in/hospital-bed-management-software-ajmer",0,1,"0.00%",31
"https://www.medical365.in/telemedicine-platform-jhotwara",0,1,"0.00%",44
"https://www.medical365.in/lims-laboratory-information-management-c-scheme",0,1,"0.00%",74
"https://www.medical365.in/hospital-software-mansarovar",0,1,"0.00%",79
"https://www.medical365.in/healthcare-feedback-satisfaction-surveys-c-scheme",0,1,"0.00%",82
"https://www.medical365.in/outpatient-software-solutions-tonk-road-jaipur",0,1,"0.00%",88
"https://www.medical365.in/patient-portal-software-c-scheme",0,1,"0.00%",92
