Query,Clicks,Impressions,CTR,Position
"medical365",35,141,"24.82%",3.91
"365 medical",5,107,"4.67%",4.02
"med 365",2,31,"6.45%",8.97
"365 medical billing services",2,2,"100.00%",3
"nabh compliance",1,35,"2.86%",16.17
"hrms hospital",1,25,"4.00%",8.52
"abha integration",1,10,"10.00%",15.8
"healthcare kiosk",1,8,"12.50%",44.38
"nhcx",1,3,"33.33%",9.33
"operating theatre analytics software",0,705,"0.00%",86.94
"hospital billing software",0,217,"0.00%",74.59
"medical marketing crm",0,172,"0.00%",57.82
"hospital theatre timer program",0,164,"0.00%",84.91
"india healthcare revenue cycle management market",0,114,"0.00%",76.05
"emr for clinics",0,109,"0.00%",87.16
"crm software for specialty care clinics",0,107,"0.00%",39
"emr for opd",0,100,"0.00%",61.3
"crm for specialized surgeries",0,99,"0.00%",35.02
"medical referral management",0,96,"0.00%",65.3
"crm for surgical services",0,93,"0.00%",60.45
"hrms for hospitals",0,88,"0.00%",55.5
"patient referral management system",0,88,"0.00%",78.56
"crm for internal medicine",0,86,"0.00%",67.9
"india ehr emr market",0,85,"0.00%",59.55
"crm for obstetrics & gynecology",0,85,"0.00%",67.64
"healthcare supply chain software",0,84,"0.00%",54.55
"patient intake software for general surgeons",0,83,"0.00%",74.86
"key components of abha",0,82,"0.00%",37.8
"crm for specialty care",0,82,"0.00%",40.41
"medical crm",0,82,"0.00%",58.21
"medical referral management software",0,82,"0.00%",68.6
"mobile patient intake software",0,81,"0.00%",83.94
"neurology patient intake software",0,80,"0.00%",68.97
"india integrated operating room management systems market",0,80,"0.00%",73.53
"clinic billing software",0,79,"0.00%",81.34
"nursing management system",0,78,"0.00%",11.08
"dermatologist patient intake software",0,77,"0.00%",80.22
"fertility clinic crm",0,76,"0.00%",80.87
"patient registration software",0,75,"0.00%",53.41
"doctor emr solution",0,74,"0.00%",51.05
"healthcare referral management",0,74,"0.00%",73.18
"patient feedback software for hospitals",0,74,"0.00%",85.11
"crm for rehabilitation services",0,73,"0.00%",69.08
"iop tracking",0,71,"0.00%",8.55
"mental health crm",0,71,"0.00%",69.46
"patient intake software for neurology clinics",0,71,"0.00%",76.07
"hospital data migration services",0,71,"0.00%",77
"nabh compliance software",0,70,"0.00%",69.29
"medical accounting software",0,68,"0.00%",69.41
"get cosmetic clinic emr",0,66,"0.00%",29.33
"patient portal",0,65,"0.00%",41.55
"crm software for emergency rooms",0,64,"0.00%",51.31
"india revenue cycle management market",0,63,"0.00%",76.32
"patient services",0,62,"0.00%",54.31
"emr hospital",0,62,"0.00%",54.76
"cloud based cosmetic surgery ehr",0,61,"0.00%",48.34
"cosmetic surgery electronic medical records software",0,60,"0.00%",54.78
"ris pacs software",0,60,"0.00%",68.03
"emr software for small dental clinic",0,60,"0.00%",74.42
"hr software for hospitals",0,60,"0.00%",88.87
"get dermatology emrs",0,59,"0.00%",52.85
"patient intake software for psychiatric hospitals",0,59,"0.00%",74.12
"healthcare retail billing software",0,59,"0.00%",76.95
"crm for neurology",0,58,"0.00%",68.6
"hospital management software",0,56,"0.00%",77.93
"emr software for clinics",0,56,"0.00%",87.62
"dermatology emrs",0,55,"0.00%",56.44
"dermatology emr software",0,53,"0.00%",60.79
"cosmetic surgery ehr software",0,52,"0.00%",59.87
"revenue cycle management software",0,52,"0.00%",68.65
"emr medical software dermatology",0,50,"0.00%",56.5
"emr software companies for dermatology",0,50,"0.00%",63.6
"fertility emr",0,49,"0.00%",50.98
"hrms medicover",0,49,"0.00%",51.29
"medical billing software in india",0,49,"0.00%",67.53
"crm software for neurology clinics",0,49,"0.00%",68.76
"crm for oncology",0,49,"0.00%",95.04
"book cosmasol live demo",0,48,"0.00%",9.08
"dermatology ehr software",0,47,"0.00%",73.11
"dermatology clinic software",0,46,"0.00%",79.33
"crm for cardiology",0,45,"0.00%",69.71
"crm software for endocrinologists",0,45,"0.00%",75.47
"hrms for healthcare",0,45,"0.00%",77.04
"dermatology billing software",0,45,"0.00%",81.18
"dermatology emr systems",0,44,"0.00%",60.2
"dermatology scheduling software",0,44,"0.00%",72.95
"lims hospital jaipur",0,43,"0.00%",6.67
"patient mobile app",0,43,"0.00%",17.7
"dental software",0,43,"0.00%",24.28
"cosmetic clinic patient management",0,43,"0.00%",74.91
"dermatology software",0,43,"0.00%",83.3
"hrms medical",0,42,"0.00%",17.88
"abdm integration checklist",0,42,"0.00%",18.79
